d1eg5a_	8.25e-83	0.62	0.0096	0.0000
d2pida_	1.9e-69	0.26	0.0193	0.0000
d1w5qa_	1.9e-63	3.5	0.0289	0.0000
d1zrna_	3.85e-58	0.34	0.0386	0.0000
d3pvja_	8.69e-55	0.041	0.0482	0.0000
d3le2a_	6.61e-52	0.39	0.0578	0.0000
d1k9oi_	7.69e-49	1.2	0.0675	0.0000
d1oy5a_	1.41e-46	0.59	0.0771	0.0000
d1erja_	5.21e-44	0.006	0.0868	0.0000
d2e18a_	6.66e-42	1.1	0.0964	0.0000
d1rypg_	3.6e-40	0.084	0.1060	0.0000
d1y5ea1	8.68e-39	0.018	0.1157	0.0000
d1wl8a1	4.72e-37	0.48	0.1253	0.0000
d3q80a_	1.99e-35	1.3	0.1350	0.0000
d1kwfa_	3.83e-34	0.71	0.1446	0.0000
d1ne6a2	8.93e-33	0.55	0.1542	0.0000
d2idxa_	1.1e-31	1.5	0.1639	0.0000
d1r8sa_	9.67e-31	2.1	0.1735	0.0000
d1ohwa_	1.06e-29	0.37	0.1832	0.0000
d1nzia1	8.83e-29	1.1	0.1928	0.0000
d1kopa_	1.17e-27	0.098	0.2024	0.0000
d3d9ta1	9.28e-27	1.2	0.2121	0.0000
d1q6za3	6.6e-26	0.85	0.2217	0.0000
d3r04a_	4.85e-25	.	0.2314	0.0000
d1wy5a1	4.84e-24	0.43	0.2410	0.0000
d2imla1	5.53e-23	0.81	0.2507	0.0000
d1th8b_	3.36e-22	1.5	0.2603	0.0000
d2ji7a2	2.79e-21	0.082	0.2699	0.0000
d1jcua_	1.16e-20	0.078	0.2796	0.0000
d1hkva1	5.88e-20	0.15	0.2892	0.0000
d1ekja_	2.01e-19	0.65	0.2989	0.0000
d3o79a_	8.44e-19	0.53	0.3085	0.0000
d1bhga3	4.94e-18	2.5	0.3181	0.0000
d3n4ib_	2.79e-17	0.61	0.3278	0.0000
d2hfna_	1.17e-16	3.3	0.3374	0.0000
d1dz3a_	4.44e-16	0.38	0.3471	0.0000
d3cfya_	1.28e-15	0.22	0.3567	0.0000
d3a6sa_	4.83e-15	0.5	0.3663	0.0000
d1vcla2	1.62e-14	0.18	0.3760	0.0000
d2ilka_	5.4e-14	0.32	0.3856	0.0000
d1f7ua2	1.81e-13	0.79	0.3953	0.0000
d2qrda_	5.85e-13	1.6	0.4049	0.0000
d1dmga_	1.61e-12	0.23	0.4145	0.0000
d2g3ha_	5.02e-12	1.3	0.4242	0.0000
d1z7kb_	1.28e-11	2.3	0.4338	0.0000
d3d3ra1	3.6e-11	1.4	0.4435	0.0000
d1kkha1	1.01e-10	0.093	0.4531	0.0000
d1ybza1	2.33e-10	0.15	0.4626	0.0001
d2bcqa2	5.42e-10	0.36	0.4723	0.0001
d1z0xa1	1.34e-09	0.23	0.4819	0.0001
d1ng2a1	3.14e-09	1.2	0.4916	0.0001
d1vq2a_	6.51e-09	0.39	0.5012	0.0001
d1v5ua_	1.64e-08	0.14	0.5108	0.0001
d2af7a1	3.62e-08	1.6	0.5205	0.0001
d1saza2	6.85e-08	0.5	0.5301	0.0001
d1js8a1	1.34e-07	0.81	0.5398	0.0001
d1xc3a1	3.34e-07	0.41	0.5494	0.0001
d1t3ta6	8.13e-07	0.11	0.5590	0.0001
d2k57a1	1.68e-06	0.095	0.5687	0.0001
d1v5pa_	4e-06	0.096	0.5782	0.0002
d2cspa1	9.57e-06	1	0.5879	0.0002
d3i5ra_	1.91e-05	2.3	0.5974	0.0003
d3lf6a_	3.69e-05	0.84	0.6071	0.0003
d1chca_	8.23e-05	0.13	0.6167	0.0003
d1qcsa2	0.000146	0.051	0.6262	0.0004
d1gvda_	0.000295	0.8	0.6355	0.0007
d3ddja2	0.000605	0.071	0.6446	0.0012
d1pp0a_	0.001	0.22	0.6539	0.0015
d1ug1a_	0.002	0.34	0.6626	0.0024
d1aiwa_	0.004	2.8	0.6712	0.0034
d2gaxa1	.	0.006	0.6796	0.0045
d1yeya2	0.01	4.4	0.6872	0.0064
d3en8a1	0.014	0.24	0.6946	0.0085
d1g8ea_	.	0.022	0.7023	0.0103
d2dy8a1	0.031	0.43	0.7080	0.0139
d2imha1	.	0.042	0.7126	0.0186
d1klla_	0.057	0.003	0.7173	0.0231
d1x57a1	0.076	0.81	0.7205	0.0291
d1kfwa2	0.097	1.4	0.7246	0.0343
d1nlta1	.	0.12	0.7276	0.0404
d2ct5a1	.	0.14	0.7303	0.0468
d1rhfa2	0.17	0.36	0.7336	0.0526
d3ag3e_	.	0.19	0.7351	0.0602
d2fsja1	.	0.22	0.7374	0.0670
d1sgma2	.	0.26	0.7394	0.0740
d1kqra_	.	0.3	0.7408	0.0817
d2aama1	.	0.33	0.7423	0.0892
d1v65a_	.	0.37	0.7434	0.0971
d1eq1a_	.	0.43	0.7442	0.1053
d1jvra_	.	0.49	0.7448	0.1136
d1qtqa1	.	0.54	0.7455	0.1219
d2crba1	.	0.59	0.7462	0.1302
d2efva1	.	0.66	0.7471	0.1383
d1tafa_	0.74	0.1	0.7482	0.1462
d1vqqa1	.	0.81	0.7493	0.1541
d3arcl_	.	0.89	0.7500	0.1623
d1cvra2	.	0.98	0.7506	0.1707
d1ppjg_	.	1.1	0.7508	0.1795
d1pbya4	.	1.2	0.7514	0.1879
d1wyza1	1.3	1.3	0.7517	0.1965
d6rlx.1	1.4	1.9	0.7520	0.2051
d2p3pa1	.	1.6	0.7522	0.2138
d1xfia_	1.8	0.12	0.7525	0.2225
d1vlya2	.	2	0.7531	0.2308
d3k40a_	.	2.2	0.7531	0.2398
d2pg3a1	2.5	1.1	0.7534	0.2484
d2b3wa1	.	2.9	0.7538	0.2570
d1shux_	3.4	2.2	0.7540	0.2657
d2b5ea2	.	4	0.7541	0.2746
d1xqba_	.	5.2	0.7542	0.2834
d1sxje1	.	6.7	0.7543	0.2922
d2fd6u1	10	1.3	0.7544	0.3009
