d2vhla2	0.941	0.693	0.0101	0.0008
d2pd6a_	0.933	0.922	0.0189	0.0027
d1u7ba1	0.926	0.737	0.0284	0.0040
d3s5oa_	0.922	0.942	0.0377	0.0055
d2q3za2	0.917	0.696	0.0471	0.0069
d1f1ma_	.	0.914	0.0566	0.0082
d1vm7a_	0.911	0.888	0.0667	0.0090
d1autc_	0.907	0.902	0.0765	0.0101
d1ex0a3	0.903	0.715	0.0860	0.0114
d3gzyb_	0.9	0.885	0.0953	0.0129
d2ifca_	0.897	0.916	0.1050	0.0141
d1wpwa_	0.894	0.896	0.1136	0.0161
d1i39a_	0.891	0.508	0.1235	0.0171
d1yzva_	0.888	0.808	0.1323	0.0190
d2cx4a_	0.885	0.879	0.1418	0.0202
d1svya_	0.882	0.647	0.1516	0.0213
d1yo5c1	0.879	0.705	0.1610	0.0227
d1iq0a1	0.877	0.582	0.1704	0.0242
d1f89a_	0.874	0.874	0.1799	0.0254
d1xeaa1	0.872	0.655	0.1890	0.0271
d1jpma2	0.869	0.466	0.1992	0.0278
d3zv4a_	0.866	0.864	0.2079	0.0298
d2g0wa1	0.863	0.74	0.2166	0.0318
d2b5ga_	0.86	0.684	0.2253	0.0337
d2b78a2	0.857	0.692	0.2340	0.0357
d2f2ca2	0.855	0.738	0.2445	0.0362
d2evea1	0.852	0.555	0.2533	0.0381
d2yzia1	0.85	0.8	0.2622	0.0399
d1orna_	.	0.847	0.2711	0.0417
d2ah2a2	0.844	0.674	0.2802	0.0433
d2dxaa_	0.841	0.865	0.2886	0.0455
d2fbqa1	0.839	0.555	0.2981	0.0468
d2zjrs1	0.836	0.414	0.3079	0.0479
d1y7na1	0.833	0.813	0.3174	0.0491
d1z96a1	0.831	0.703	0.3275	0.0500
d1ysra_	0.828	0.71	0.3364	0.0518
d1ayea2	0.825	0.605	0.3457	0.0533
d1mpya1	0.823	0.649	0.3554	0.0544
d1k0da2	0.82	0.711	0.3638	0.0566
d2w0ba_	0.818	0.83	0.3726	0.0585
d1ysja2	0.815	0.683	0.3822	0.0598
d1ml8a_	0.812	0.824	0.3912	0.0615
d1gcya2	0.809	0.655	0.4002	0.0632
d1i6ua_	0.806	0.488	0.4090	0.0650
d1nnla_	0.804	0.758	0.4193	0.0657
d1h6ga2	0.8	0.752	0.4281	0.0676
d1g8ma2	0.797	0.458	0.4373	0.0691
d2ajra_	0.794	0.863	0.4455	0.0715
d1ntva_	0.791	0.79	0.4552	0.0727
d1qhua1	0.788	0.553	0.4637	0.0747
d2imra2	.	0.785	0.4728	0.0764
d2vsmb_	.	0.782	0.4813	0.0785
d1auaa1	0.778	0.634	0.4907	0.0799
d2ywka_	0.776	0.836	0.4992	0.0821
d2o6xa_	0.773	0.881	0.5080	0.0839
d1mpxa2	0.769	0.676	0.5165	0.0860
d3nioa_	0.766	0.901	0.5252	0.0879
d2oh3a1	.	0.762	0.5337	0.0901
d1dqaa1	0.758	0.61	0.5413	0.0929
d1x5na1	0.754	0.763	0.5494	0.0954
d1sg1x3	0.751	0.491	0.5579	0.0975
d2dw4a2	0.748	0.585	0.5657	0.1002
d1cnt1_	0.745	0.652	0.5737	0.1027
d1hska2	0.741	0.483	0.5813	0.1055
d2bnma2	0.737	0.732	0.5890	0.1083
d1uzca_	0.733	0.577	0.5969	0.1109
d3ck2a1	0.728	0.628	0.6041	0.1140
d2i5ia1	.	0.724	0.6121	0.1165
d1l2pa_	.	0.72	0.6197	0.1193
d1xo5a_	0.717	0.527	0.6272	0.1223
d1lr7a2	0.712	0.458	0.6340	0.1258
d2x55a_	.	0.707	0.6416	0.1286
d1k3ra2	.	0.704	0.6478	0.1325
d3n9ka_	0.699	0.647	0.6547	0.1359
d2fiqa1	.	0.694	0.6613	0.1396
d1ekqa_	0.689	0.727	0.6677	0.1433
d2g3ra2	0.686	0.665	0.6731	0.1480
d2vnfa1	0.681	0.629	0.6788	0.1524
d1jw3a_	0.675	0.456	0.6847	0.1565
d3arcb_	0.671	0.429	0.6899	0.1613
d1kloa2	0.667	0.438	0.6963	0.1651
d3ejja_	0.661	0.559	0.7034	0.1683
d2np3a2	0.656	0.543	0.7096	0.1722
d1iwma_	.	0.651	0.7145	0.1772
d1jhsa_	.	0.646	0.7206	0.1813
d2qjga_	0.639	0.883	0.7249	0.1868
d2gnxa2	.	0.632	0.7301	0.1915
d1goia1	0.626	0.482	0.7343	0.1971
d1u61a_	0.62	0.535	0.7393	0.2020
d2pbea1	.	0.613	0.7447	0.2066
d3delb_	0.607	0.592	0.7501	0.2112
d2c42a5	0.599	0.614	0.7543	0.2168
d1bxya_	0.592	0.54	0.7588	0.2221
d2a25a_	.	0.584	0.7629	0.2277
d1p4ea2	0.577	0.483	0.7672	0.2332
d1pvma3	.	0.57	0.7711	0.2390
d2q4gw_	0.561	0.73	0.7743	0.2454
d1am7a_	.	0.551	0.7766	0.2524
d1ryka_	.	0.542	0.7805	0.2582
d1wv3a1	0.535	0.638	0.7830	0.2652
d1abva_	.	0.527	0.7853	0.2722
d1na6a2	.	0.52	0.7864	0.2803
d3ag3h_	.	0.51	0.7881	0.2878
d2zwia_	0.499	0.829	0.7897	0.2954
d2f4mb_	0.489	0.504	0.7916	0.3028
d1u5ma_	.	0.478	0.7922	0.3113
d2fsja2	0.466	0.707	0.7930	0.3196
d2i06a_	.	0.453	0.7939	0.3278
d1jmma_	.	0.438	0.7943	0.3364
d2if6a1	.	0.415	0.7949	0.3448
d1oc0b_	.	0.382	0.7955	0.3532
d1m7ja2	0.26	0.502	0.7962	0.3616
d1qrj.1	0.155	0.314	0.7962	0.3626
